Dato;Ugedag;Item;Gennemsnitspris (Guld);Udbud (Supply)
2026-06-27;Lørdag;Primal Mana;0.00;0
2026-06-27;Lørdag;Arcane Dust;0.00;0
2026-06-27;Lørdag;Arcane Tome;0.00;0
2026-06-27;Lørdag;Primal Fire;0.00;0
2026-06-27;Lørdag;Primal Earth;0.00;0
2026-06-27;Lørdag;Primal Shadow;0.00;0
2026-06-27;Lørdag;Primal Water;0.00;0
2026-06-27;Lørdag;Primal Might;0.00;0
2026-06-27;Lørdag;Terocone;0.00;0
2026-06-27;Lørdag;Elixir of Healing Power;0.00;0
2026-06-27;Lørdag;Elixir of Mastery;0.00;0
2026-06-27;Lørdag;Insane Strength Potion;0.00;0
2026-06-27;Lørdag;Super Healing Potion;0.00;0
2026-06-27;Lørdag;Elixir of Major Agility;0.00;0
2026-06-27;Lørdag;Super Mana Potion;0.00;0
2026-06-27;Lørdag;Elixir of Major Mageblood;0.00;0
2026-06-27;Lørdag;Elixir of Major Shadow Power;0.00;0
2026-06-27;Lørdag;Elixir of Major Firepower;0.00;0
2026-06-27;Lørdag;Haste Potion;0.00;0
2026-06-27;Lørdag;Destruction Potion;0.00;0
2026-06-27;Lørdag;Major Rejuvenation Potion;0.00;0
2026-06-27;Lørdag;Major Dreamless Sleep Potion;0.00;0
2026-06-27;Lørdag;Elixir of Major Defense;0.00;0
2026-06-27;Lørdag;Ironshield Potion;0.00;0
2026-06-27;Lørdag;Heroic Potion;0.00;0
2026-06-27;Lørdag;Flask of Pure Death;0.00;0
2026-06-27;Lørdag;Flask of Relentless Assault;0.00;0
2026-06-27;Lørdag;Flask of Blinding Light;0.00;0
2026-06-27;Lørdag;Flask of Mighty Restoration;0.00;0
2026-06-27;Lørdag;Spicy Hot Talbuk;0.00;0
2026-06-27;Lørdag;Blackened Basilisk;0.00;0
2026-06-27;Lørdag;Poached Bluefish;0.00;0
2026-06-27;Lørdag;Grilled Mudfish;0.00;0
2026-06-27;Lørdag;Golden Fish Sticks;0.00;0
2026-06-27;Lørdag;Spicy Fried Herring;0.00;0
